-15.2280655281841,-15.2276877843574,-15.2053000162193,-15.2287084562851,-15.2172791039062,-15.200819881294,-15.1934707505664,-15.2285657652527,-15.1639460612964,-15.1516754294066,-15.1282635297932,-15.099868982281,-15.1319782002078,-15.0590730058043,-15.023262983146,-15.2069990150958,-15.1246136926594,-15.1288255087327,-14.9319829800015,-14.9161640535553,-15.1397425397837,-14.8184756254896,-14.8386499009516,-15.2004379026366,-15.0291726169814,-14.7583643595408,-14.9173307834064,-15.0332546769086,-15.1212702871065,-15.154439069365,-14.643602343202,-14.5330514400375,-14.957682297426,-14.3685840261298,-14.4860878145316,-14.5094151376044,-14.3197380794699,-14.1365206575019,-14.9861107349556,-14.5035386931357,-13.9358689431683,-14.6631439245352,-13.9505643836103,-14.6211465401346,-15.297654467203,-14.0080695249483,-14.611687902512,-13.5808196415962,-14.1291152871534,-14.6823655439798,-15.2406378745562,-12.9982153382481,-13.4658054748763,-13.9376987054558,-14.4139547047255,-12.3839568854465,-12.7873412584849,-13.1945074649851,-13.6055089389348,-14.0204001257192
-15.2564018384104,-15.257040473142,-15.2250688525782,-15.2543230199442,-15.238478048407,-15.2265719939915,-15.2156239294867,-15.2523997235664,-15.1967352660953,-15.1866847162393,-15.1591395801392,-15.138825709334,-15.15724323586,-15.0874235899207,-15.0577857599687,-15.2292442869633,-15.1700077006225,-15.1685908057865,-14.965198700222,-14.918560209364,-15.1479062165623,-14.880764997148,-14.8518396510714,-15.1974390894542,-15.05174228847,-14.7859575004652,-14.9655170961036,-15.0647018584445,-15.1433629437218,-15.1659261011589,-14.6614021975448,-14.5366372230739,-14.9476853270614,-14.3710367856475,-14.4991684048885,-14.5605480383398,-14.3715932452681,-14.1438072825864,-14.9938352785718,-14.5685716965644,-13.9888646808885,-14.7189053652281,-13.9714512948449,-14.6430374530421,-15.3205582539006,-14.0138798418054,-14.6177485903447,-13.6221232855318,-14.1720864746329,-14.7270193435709,-15.2869895600018,-13.0021790452091,-13.4699117698951,-13.9419489007281,-14.4183501306445,-12.4274733323281,-12.8322751727242,-13.2408721357071,-13.6533178430287,-14.0696669313917
-15.2995275776526,-15.3037116538638,-15.2802772097714,-15.3025677178748,-15.266499473946,-15.2848424970692,-15.2669100319124,-15.3191103147752,-15.2468633058757,-15.2166916904248,-15.2036364161399,-15.1674469789115,-15.2084153783322,-15.129560462458,-15.1151393869617,-15.2781865963232,-15.2022894310533,-15.1861162505537,-15.0093204225073,-14.9807578593903,-15.2333368859194,-14.8620426464771,-14.8904594265268,-15.2776710238558,-15.0646690224542,-14.8149117454448,-14.9626119732665,-15.1174014133513,-15.1758483146849,-15.226749980932,-14.6513470224745,-14.6254113232011,-14.9750222530705,-14.4541355957168,-14.49263885823,-14.5645514433457,-14.3823939027867,-14.1917564672606,-15.0446661589976,-14.5570673640232,-13.9787167093258,-14.7082277987144,-13.9402872665281,-14.6103754178533,-15.2863849743194,-14.0737444553683,-14.6801928156699,-13.600940143206,-14.1500481096473,-14.7041180278032,-15.2632174601027,-12.9920138599496,-13.459380908253,-13.9310489974917,-14.4070777739337,-12.4207644371065,-12.8253477477129,-13.2337241321326,-13.6459471831699,-14.0620715080323
-15.3162802761168,-15.3162933668522,-15.2907587064547,-15.310658900864,-15.3001522418836,-15.2887485952575,-15.2799274885555,-15.3209535049768,-15.2542583950709,-15.2546787026227,-15.2460318209964,-15.1764768140885,-15.2191309983682,-15.1498636627946,-15.1327822943291,-15.3032555846838,-15.2413848354128,-15.2444509211849,-15.0667268960903,-14.9720528368339,-15.2660799797438,-14.9189543026251,-14.889646346445,-15.2380978540322,-15.1833045490399,-14.8688618482511,-15.0528648576412,-15.1742690660012,-15.2377586532534,-15.2389988046931,-14.7165676551266,-14.6654746200584,-15.0321563891785,-14.3742291801372,-14.6696915609332,-14.5956036658153,-14.4762009183282,-14.1867477698251,-15.039356444095,-14.520353403413,-14.0377997467101,-14.770394218634,-14.0451986396407,-14.7203297191867,-15.4014267669972,-14.079405573455,-14.6860978756437,-13.6682961641591,-14.2201234814176,-14.7769373234952,-15.3388055874107,-13.0740439137555,-13.544361862861,-14.0190080091704,-14.4980423755514,-12.5587989429099,-12.9678784709285,-13.3807932259687,-13.7975973964225,-14.2183461963586
-15.3342493929079,-15.3398756647706,-15.3125622154329,-15.3427442729208,-15.3230354981524,-15.3127010532075,-15.3004098498845,-15.3211703512299,-15.2574934178944,-15.2812257266427,-15.2178674075174,-15.212577912867,-15.267037255999,-15.1673518397698,-15.1840323596775,-15.3259123365011,-15.2840961835775,-15.2574474197946,-14.9911159177889,-15.0786712370832,-15.2208538434397,-14.9103970787942,-14.9823776842394,-15.3159014268203,-15.2015903877844,-14.8592481556992,-15.0132578961327,-15.1642197610297,-15.2183010593232,-15.284220653812,-14.8033667403304,-14.5678562029907,-15.0528829701102,-14.4954685126831,-14.6809174972644,-14.6223955153643,-14.5153878240662,-14.2794805084336,-15.1376623231165,-14.7130410172077,-14.1747145033134,-14.914454182864,-14.0875226341535,-14.7646881629685,-15.4478376379788,-14.0955418400006,-14.7029294661963,-13.7135236315261,-14.2671769080471,-14.8258332094605,-15.3895606574517,-13.1828539590302,-13.6570861765651,-14.1356826131604,-14.61870379123,-12.6463885428382,-13.0583211392403,-13.4741157109225,-13.8938268242061,-14.3175100782427
-15.3520965404066,-15.3505916770596,-15.3248947167635,-15.3506432064321,-15.3381213024465,-15.33269983071,-15.3165287307208,-15.3401084209531,-15.2922136528134,-15.2984386598535,-15.251459619496,-15.2431405927671,-15.2258939040633,-15.1941204940146,-15.1298771794354,-15.3550781436881,-15.2897860559421,-15.2021736247084,-15.0264316363488,-15.0516505105534,-15.2440411854438,-14.9521015768402,-14.9237369960886,-15.3500807083435,-15.1141946040917,-14.9297296351168,-15.0552658817552,-15.09054179163,-15.2856293710388,-15.3005095519353,-14.8275836302409,-14.5626105722957,-15.1870838005959,-14.4820059964037,-14.6215304698894,-14.6584371105058,-14.3689183324701,-14.2736696242113,-15.1315022108419,-14.5388060493898,-14.0242176830045,-14.7561033440772,-14.1284363406523,-14.8075685283624,-15.4927020411514,-14.0920852009723,-14.6993238779614,-13.7501763332722,-14.3053093818022,-14.8654588270162,-15.4306929726712,-13.1770069947818,-13.6510288770713,-14.1294130427681,-14.6122199874428,-12.4581660919008,-12.8639676918802,-13.2735737874529,-13.6870381328027,-14.1044154995715
-15.3576549353126,-15.3599216234686,-15.3358960059835,-15.3568083977827,-15.3372420408991,-15.3222726353239,-15.3079961331196,-15.3496673166958,-15.2901161495153,-15.2847891545502,-15.2486536660639,-15.240173932791,-15.250781848707,-15.1496551597786,-15.223280291697,-15.3159487702105,-15.2557325667628,-15.1790150645558,-15.0506327353741,-15.0783160396298,-15.2949350348973,-15.0161594565323,-14.8751002582218,-15.2733443837118,-15.1269053353066,-14.8136597792306,-15.0292966091719,-15.0852635851092,-15.196256359706,-15.2490161312644,-14.7366896732004,-14.7236827906779,-14.9459324664512,-14.5142602556596,-14.6183539145227,-14.4037203108308,-14.4380564025506,-14.1575967210277,-15.008453447813,-14.5365763912007,-13.9212279905532,-14.6477389005454,-13.9961226257225,-14.6688946968196,-15.3476118902005,-14.0932543435148,-14.7005433997458,-13.5336365163736,-14.0800272472948,-14.6313553759407,-15.1876881304107,-12.9522935216539,-13.4182316939211,-13.8884577575994,-14.3630311766008,-12.496835723192,-12.9038969145217,-13.3147744104412,-13.7295221319853,-14.1481950208048
-15.3543248985796,-15.3525515485867,-15.3243668166527,-15.3511967426016,-15.358109647822,-15.3404351511735,-15.3203004612309,-15.3545150072021,-15.2571664695945,-15.2633057608155,-15.2645557672655,-15.2691312030988,-15.2334008505931,-15.1452720862425,-15.1792819539662,-15.3980526765,-15.2329691533807,-15.1834225039402,-15.0616773986478,-15.1156443472382,-15.2258807478392,-14.9713128720305,-15.0160121380161,-15.3806773480548,-15.1675850835301,-14.9261956106761,-14.9231640585762,-15.1258861113066,-15.202129973664,-15.3646219505604,-14.7252654777386,-14.6537859330418,-15.2420108205766,-14.6697539194655,-14.6506495962973,-14.7611697656534,-14.2787724852543,-14.5195821658873,-15.3921938385739,-14.7387004930355,-14.0528625271991,-14.7862430845436,-14.1992704507723,-14.8818075251245,-15.5703760127063,-14.4370705274771,-15.0591748847583,-13.7072348842135,-14.2606342664293,-14.8190343792504,-15.3825033131232,-13.2909223984165,-13.7690422062877,-14.2515620095651,-14.7385428268045,-12.4741652349047,-12.8804879772241,-13.2906201009818,-13.7046154293945,-14.1225288044432
-15.512225600393,-15.5085905449555,-15.4943439452645,-15.5186024465779,-15.4936744112723,-15.475596809785,-15.4707896857619,-15.5154201650802,-15.4409276009241,-15.4283985251844,-15.4123629851203,-15.3539707613996,-15.4600380933089,-15.3102200693819,-15.324357961363,-15.4205667232676,-15.3711916496825,-15.4404034678103,-15.1032385603949,-15.1464178386454,-15.4188293685177,-15.2585718369267,-15.1783888519096,-15.4497965283023,-15.4193232844947,-14.9242622003473,-15.262741697213,-15.2810425469047,-15.5016434656896,-15.3611775245718,-14.8489180165906,-14.8973817707868,-15.1490330042598,-14.5414780407051,-14.7770421295696,-14.712926382192,-14.6949901249229,-14.3249966069984,-15.1859138915075,-14.9816241837946,-14.1644480456831,-14.9036519468181,-14.1061840204541,-14.7842465733841,-15.4683009992921,-14.0512981942554,-14.6567793280815,-13.910355819521,-14.4719557615917,-15.0386305376947,-15.6104492472758,-13.11471849449,-13.5864996469867,-14.0626224621162,-14.5431471494826,-12.6305537654588,-13.0419705734255,-13.4572445210215,-13.8764301062447,-14.2995828586299
-15.5312337782249,-15.5290194423505,-15.5039931038745,-15.5288911217283,-15.5157100462269,-15.5053896896338,-15.5009001605156,-15.5645439922798,-15.4542036782773,-15.4360495878078,-15.4291127076265,-15.3779678605154,-15.4000838549211,-15.3836046182172,-15.3355088492018,-15.4757715666687,-15.5108160293091,-15.3864683320175,-15.2849097508191,-15.0936875959829,-15.4228986992345,-15.0658307402107,-15.1567093483225,-15.5714475619602,-15.3768010524188,-15.0162547028892,-15.2651160191964,-15.3618381410944,-15.3787954735318,-15.3290253239068,-14.9887306108785,-14.8387606799001,-15.415530684973,-14.6896857080212,-14.9617388202992,-14.6725361104989,-14.653159519927,-14.4868233223595,-15.357466222879,-14.6562716158709,-14.2915729814752,-15.0374111861967,-14.2427836500187,-14.927412336881,-15.6180909200412,-14.1296943714767,-14.7385536562477,-13.8829607881308,-14.4434547162187,-15.0090134839693,-15.579706054744,-13.2901876999585,-13.7682810782204,-14.2507742086647,-14.7377281064741,-12.8948942953624,-13.3149215046661,-13.7388865783522,-14.1668451549884,-14.5988539262681
-15.5908484555026,-15.5983902829575,-15.5667052183014,-15.5915375384451,-15.585534063816,-15.5730971023003,-15.568149302867,-15.5793075380589,-15.5232699221025,-15.5567846684314,-15.5172790116548,-15.5077486507602,-15.5146438840498,-15.3659484596034,-15.4187340016038,-15.5370614311199,-15.4839313886692,-15.5769013521789,-15.3050277943153,-15.1907602285649,-15.5520742055473,-15.2095828842752,-15.2869130061999,-15.5751992733298,-15.4162866210258,-15.0359086962965,-15.3464824181725,-15.3365539244623,-15.570268400245,-15.7200215614515,-15.1106563395325,-14.8023560948537,-15.2994785869032,-14.6630491962904,-14.7159343523642,-14.6927311644453,-14.6773512727553,-14.7736738397208,-15.6615561557349,-14.9473176749154,-14.4783487570271,-15.2339342799272,-14.4313707920393,-15.1250645725359,-15.8248883553462,-14.5714408773543,-15.1993353552828,-14.1187419797487,-14.6887550535201,-15.2639189856319,-15.8443039106845,-13.388774009911,-13.8704138739743,-14.3564861274816,-14.8470522382247,-12.8759235388131,-13.29533281099,-13.7186741542278,-14.1460031252399,-14.5773763323158
-15.5382378731044,-15.5397251487182,-15.5247480766752,-15.5389119040011,-15.531988259916,-15.5216821816027,-15.4980465422024,-15.5056390569366,-15.4519352809058,-15.4676951114806,-15.4971524067513,-15.4400110131729,-15.419322250725,-15.4135847835276,-15.3718507296342,-15.596542991964,-15.4101985719004,-15.3548170502892,-15.2159539790606,-15.24704791184,-15.5366031422664,-15.1815699610476,-15.104057230668,-15.6575159347529,-15.3348807487001,-14.9684768611213,-15.3153679652644,-15.4552643618268,-15.2553161402541,-15.4512334719557,-15.0186421694099,-15.0121625760845,-15.2245366398861,-15.1787947891286,-14.5324949266556,-14.8607165472562,-14.3483122900059,-14.5223483276887,-15.3951262438008,-14.8481777301911,-14.1922172480035,-14.9328703480498,-14.1039031826835,-14.7818560992526,-15.46579991997,-14.9284827325912,-15.5717624158113,-13.8363656075204,-14.3949783579397,-14.9586389489734,-15.5274161125224,-13.5142749370024,-14.0004294974389,-14.4910579947369,-14.9862224728625,-12.4286649600333,-12.8335056154865,-13.2421417574279,-13.6546270127508,-14.0710160233969
-15.7348473907631,-15.7349135578997,-15.6964821638794,-15.7259784212844,-15.708130971127,-15.7109230952326,-15.6909796323777,-15.7472258217224,-15.6594402919344,-15.6472720440612,-15.6272521970749,-15.5483187054348,-15.6740316502107,-15.5964116278455,-15.5367358253488,-15.6992863270044,-15.6962944642741,-15.6252546042287,-15.4332416807071,-15.3319046422165,-15.6025067299738,-15.228662428802,-15.3491736813446,-15.6222859683377,-15.437811707861,-15.2538885205985,-15.4867386380347,-15.5513031932821,-15.5508288047814,-15.7498031933053,-15.1775746257756,-14.9348080147748,-15.0621042561261,-14.8029739412018,-14.8603470739444,-15.0268255433093,-14.8774032928151,-14.6194781563128,-15.4980934733401,-14.9607410180944,-13.968385563787,-14.6973574988747,-14.3067730023692,-14.9944775589034,-15.6882591924438,-14.3193788075203,-14.9364117390118,-13.8448455370078,-14.4038006458808,-14.9678066890515,-15.5369324405445,-13.3230868754371,-13.8023637492448,-14.286051266595,-14.7742105937102,-12.3810203703228,-12.7843090918403,-13.1913787500616,-13.6022827663041,-14.0170755730428
-15.768437216589,-15.7644446444629,-15.7434808279625,-15.7601826870547,-15.7826608561377,-15.7765184717368,-15.7381157549893,-15.8251800045889,-15.6949919904394,-15.6493197253095,-15.6687466505429,-15.5843827440978,-15.6718458852636,-15.592050025824,-15.5435616076948,-15.6899986375726,-15.736992841644,-15.5342704258082,-15.5504115465234,-15.2506122784203,-15.6607476198232,-15.364001595573,-15.1818307810063,-15.5783446979163,-15.4937885055052,-15.1365569517135,-15.3228063706587,-15.5807588223864,-15.6907302913027,-15.6260916985141,-15.5968385045459,-15.3120280644122,-15.2577997284859,-14.9938974181953,-14.6101869477705,-15.1039710496835,-14.9184677991922,-14.5873862562594,-15.4640728837235,-14.0536729620316,-14.180605142787,-14.9206522387414,-13.9190107094346,-14.5880761294103,-15.2630539169,-14.2199425392616,-14.8326906862715,-14.6704883172573,-15.2627769327332,-15.8604176969498,-16.4634834852976,-13.3535304908338,-13.8339025253164,-14.3186952817819,-14.8079700662191,-12.2880223241142,-12.6882818071653,-13.0922938270213,-13.500111403734,-13.9117885609177
-15.4069398062843,-15.4083272840023,-15.3811864591226,-15.408473766953,-15.4003307414138,-15.3660283419555,-15.3764021185779,-15.4046529292533,-15.3403384654651,-15.3738793593689,-15.259716097579,-15.2833592365673,-15.2485124506718,-15.1896678450078,-15.1381383490028,-15.4325807695132,-15.1874698355036,-15.5063129274543,-15.1129511889554,-15.0968817030293,-15.2636445698465,-15.1745279852686,-14.9481592683937,-15.4749290483403,-15.1307546725868,-14.9799992081696,-15.2151043484933,-15.3433150387793,-15.4180653481034,-15.4566566635274,-14.6380996551994,-14.8264630291955,-14.7778947926498,-14.7029153291059,-14.4753626332681,-14.7100332364315,-14.3349017659723,-14.5986877308081,-15.4760535650494,-14.7977396589896,-13.7553497837579,-14.4732039626738,-13.5516381787684,-14.2030445666729,-14.860207273543,-14.6146638234635,-15.2444208110375,-13.5767979049313,-14.124931181739,-14.6780176025893,-15.2361246099849,-12.5404955783741,-12.9916199741688,-13.4468959345642,-13.90638103291,-12.5703400917985,-12.9797955512865,-13.3930897622515,-13.8102769628828,-14.2314124179892
-15.5502980715272,-15.5549856033212,-15.527187683077,-15.5504163193619,-15.5663443652143,-15.5288044995675,-15.5077776076856,-15.5639257440078,-15.4328838424619,-15.4311580446093,-15.4411780567939,-15.4769249087166,-15.5112455378453,-15.4385362606203,-15.4118179301098,-15.4508261316313,-15.5141983062372,-15.4209168615064,-15.2657774870366,-15.2359159431433,-15.4890226111378,-15.1962797854,-15.1032226641346,-15.5485863947438,-15.2476997942848,-15.0411711393836,-14.8604727391798,-15.4563148865057,-15.4520016395239,-15.8982263952912,-14.9247306493874,-15.0368135176351,-15.2687275940049,-14.577114171543,-14.6134023681373,-14.2238095113337,-15.0454355351635,-14.9286545729438,-15.8258510686158,-14.7985212803714,-13.8248148144664,-14.5462941838258,-14.2215655381228,-14.9051743030062,-15.5948239513864,-14.3571690486534,-14.975830390398,-13.8132201590854,-14.3708984630628,-14.9336161636357,-15.5014418777301,-13.4492997941942,-13.9331169771436,-14.4213865867598,-14.9141703687082,-12.418461439031,-12.8229697337565,-13.2312703990019,-13.6434170176346,-14.059464186737
-15.8947073362686,-15.8967772641915,-15.8553939428317,-15.8821533475622,-15.8985941362747,-15.8766372993861,-15.8329728967992,-15.8764162379252,-15.8504273878095,-15.8151561584661,-15.7718514194108,-15.7538312869953,-15.7967681041423,-15.6873699859974,-15.7519497278595,-15.8547243340827,-15.9256725699842,-15.795842559206,-15.2887184007593,-15.4239248955597,-15.9266004301163,-15.6311985088462,-15.4796104799104,-15.8638915567864,-15.8065756585632,-15.3610421069507,-15.4067646305325,-15.700336177883,-15.9092168763473,-15.9562236295381,-15.4002276856687,-15.0241637520461,-15.5570015516168,-14.8022314969416,-15.2133811784378,-14.6819495982799,-15.0883387841221,-15.2614602252959,-16.1786579919178,-15.4717457454081,-14.7036741425013,-15.4710187825537,-14.6560607525733,-15.3605550336189,-16.0712747583607,-14.6378502750566,-15.2686063844773,-13.7344537264125,-14.288952009361,-14.8484609530064,-15.413048783004,-14.0864508819886,-14.5931885625942,-15.1045896004383,-15.6207186663434,-13.2983665583799,-13.7315361265727,-14.1687667721822,-14.6101158746683,-15.0556418995679
-16.3835705510378,-16.3919875169839,-16.3450282832505,-16.391436345774,-16.3886390772377,-16.3657940616198,-16.2951744340129,-16.401228547541,-16.3544135163888,-16.2969432668141,-16.2752643908854,-16.2260153696743,-16.2456207784084,-16.2367214592142,-16.170012031227,-16.3712574702111,-16.3112571248004,-16.2554235634375,-15.9046887795985,-15.9548758977668,-16.3226042547542,-15.8725895855463,-16.0025054009888,-16.3392189360904,-16.1328865090645,-15.837935898869,-16.162001488462,-16.2596129939471,-16.4215465367315,-16.0378930544109,-15.83010883475,-15.5426425989477,-16.2062808355556,-15.1236471643685,-15.5973710827658,-15.6312083316405,-15.5184252816245,-15.314193983767,-16.2345609940119,-15.26036002617,-15.1444894210208,-15.9348390078605,-15.2452364996039,-15.978051551921,-16.7173423116648,-14.4956524430638,-15.1202811396752,-14.2864148560864,-14.8631973524994,-15.4451918783709,-16.0324694012135,-14.0808019917817,-14.5873364625408,-15.0985324204582,-15.6144545104224,-12.9723000536925,-13.394848611672,-13.8213586723337,-14.2518862082339,-14.6864882513762
-15.6056035237495,-15.6139571846751,-15.57035252942,-15.6008677918374,-15.6010650292341,-15.5837646789407,-15.5918599280611,-15.603014794603,-15.5477048100702,-15.4982727029335,-15.5500251927013,-15.4536267084779,-15.54427030164,-15.4193998493317,-15.3489698784523,-15.5209380181044,-15.5228816601561,-15.5730832662908,-15.3779483402242,-15.232070181626,-15.4783114411078,-15.3820172450012,-15.2111826045933,-15.6148033847686,-15.4631680006901,-15.2717557133858,-15.3529988881323,-15.622702318272,-15.7433142528132,-15.7890853736115,-15.2451001135336,-15.1754516320508,-15.4935188543864,-14.9668717470803,-14.6049729508814,-15.2294063613603,-15.0382027630211,-13.9599842085547,-14.7989646304242,-14.8490418144089,-14.1052027220124,-14.8413147713337,-13.6339384676951,-14.2893009038076,-14.9504546175165,-15.1025452296274,-15.7533253983262,-13.6801403673698,-14.232445868215,-14.7897422149308,-15.3520973633721,-13.2321614679592,-13.7081674447553,-14.1885539639947,-14.6733817744616,-12.3298780775383,-12.7315009339449,-13.1368891091363,-13.5460958037627,-13.9591752254545
-15.4705989367613,-15.4596686884601,-15.4575356956064,-15.4884351113949,-15.4254817509048,-15.4805803649729,-15.4066721565274,-15.4539745056475,-15.4946740945236,-15.3857977208047,-15.4100999003341,-15.3198008432389,-15.3879283218479,-15.2474368295431,-15.2245453762401,-15.6625763605836,-15.276174148768,-15.4362621045186,-15.0079281708754,-14.9423557823145,-15.0789474400346,-15.3845222690378,-15.2386920521587,-15.428794604287,-15.3404460829685,-15.65323623386,-15.3197719191924,-15.546924796642,-15.6063763362398,-15.8583256361799,-15.0193940124139,-14.9568254224959,-15.4327006620777,-14.9370574765697,-14.43291229459,-15.1852952752679,-14.9640875031466,-14.035422782032,-14.8789369831133,-14.9791615316538,-13.758878997167,-14.4769173561026,-13.3450991945846,-13.9865775714342,-14.6337245358436,-14.9910302286323,-15.6370051310626,-13.4466893775637,-13.9895698094852,-14.5373559187136,-15.0901145014398,-13.0337785223886,-13.5026479880399,-13.9758323209297,-14.4533913590674,-12.1466067216698,-12.5422598543712,-12.9416223381443,-13.3447465828646,-13.7516859904202
-16.1197446983327,-16.1291477731193,-16.1020425455767,-16.1492405521832,-16.0952624964821,-16.1129101609065,-16.0530638605997,-16.0843867880405,-16.1350786355566,-16.0131162301658,-16.0781843207137,-15.8861495729992,-15.984848391921,-16.058742768341,-15.9113233065435,-16.0648663208191,-16.0029940056696,-15.8063335151992,-15.6879001423183,-15.8551783339903,-16.0165520947758,-16.1247040307435,-15.626415923925,-16.2096702327551,-15.8969773144131,-15.733645000086,-16.1960954880318,-15.9391393954245,-16.2232638554785,-16.2522899622536,-15.4461474629492,-15.4486746366284,-15.8796478387319,-15.6774471836157,-15.0862625655171,-15.2570250731328,-14.8051459842414,-14.7313600840004,-15.6166993876375,-14.6337417817198,-14.0274891594327,-14.7595455499351,-14.2579050664863,-14.9432606165625,-15.6346724860492,-15.4686527628614,-16.1352087838167,-13.5428093507044,-14.0895704145844,-14.6412722226608,-15.1979820485989,-13.1275300963063,-13.5997721258148,-14.0763600592711,-14.5573541650974,-12.7789305351322,-13.1951804405299,-13.6153327971029,-14.0394427430615,-14.4675664602708
-15.8835353028522,-15.8854308729039,-15.8515385374112,-15.8820639368198,-15.8470960796478,-15.8071543040835,-15.8051279431533,-15.8282062234032,-15.7773155701934,-15.7470915732859,-15.7827123512513,-15.7079611048427,-15.8832405014388,-15.704849904745,-15.5149699930751,-15.742398886242,-15.8407197544899,-15.8676070889048,-15.6692307872466,-15.1969623386079,-15.6646165355372,-15.3776870768215,-15.4918271547321,-16.0061664862444,-15.9199617198622,-15.1719909861946,-15.5376465494198,-15.6899998544408,-15.7010928698996,-15.430231538107,-15.3106143297288,-14.7410577118092,-15.5904149871355,-15.57566672751,-15.3956164766253,-15.1248629130111,-15.4060107828946,-14.5209803928417,-15.393676097503,-15.6523282182231,-14.0186970696535,-14.7502946249763,-14.2446882957747,-14.9294085360268,-15.6201794816117,-14.700251536164,-15.3336965634203,-13.5513426285822,-14.0984482047395,-14.6504976382393,-15.2075582451356,-12.4976597678766,-12.9472432134745,-13.4009640427635,-13.8588796324343,-12.870384368216,-13.2896132122083,-13.7127724357004,-14.1399175715053,-14.5711052035599
-15.9776273823306,-15.9862492092614,-15.9373561774857,-16.0049348907226,-15.9601467869785,-15.9642679063812,-15.9485216295778,-15.9847712471,-15.8628739303977,-15.9642525933837,-15.8575207077505,-15.8992100396503,-15.7432770377793,-15.6557099292748,-15.5913851585938,-16.3008645358732,-16.0909964381446,-15.8421025571125,-15.7162450378958,-15.861289668787,-15.5150809077064,-15.9527982964176,-15.4779987638384,-16.4596592866926,-15.6781436613741,-15.393126924361,-16.0142839025369,-15.6410093943506,-16.0184173657163,-16.2265926349196,-15.2416927135423,-14.4599195573915,-15.8871766914796,-16.2973270201362,-15.1361125380527,-15.2631531406539,-15.1732216271003,-14.6367823053951,-15.5164375836488,-15.2031784414797,-14.4576713743125,-15.2121778010192,-14.4723063716775,-15.1679678624772,-15.8697767437655,-16.3379200874393,-17.041933499022,-13.4724534429782,-14.0163740422276,-14.5652097181378,-15.1190273948822,-12.7971809485401,-13.257539192535,-13.7221339775088,-14.1910240552526,-13.016820245476,-13.4408189659372,-13.8687927847312,-14.3007978665089,-14.7368914390045
-16.1769587705834,-16.140890421143,-16.1790155927363,-16.2293678462807,-16.1879663421588,-16.0528859233516,-16.1783198275628,-16.1513981434897,-16.0526046134804,-16.1619395321001,-16.1547709418986,-16.0079218072031,-16.0901217284112,-15.9744252232208,-16.1684864442754,-16.1132367714089,-15.9737008527066,-15.6116837712916,-15.8900780350647,-16.1345540386979,-16.1096269192485,-15.8695559436626,-15.4406710634185,-16.3364058157072,-16.4562229690832,-15.7594066867614,-15.6937747381281,-15.8051671557989,-15.8948379979764,-16.4266845363231,-15.3742065484712,-15.6255384785885,-16.0092026530143,-16.2685591917878,-14.9662244924811,-15.9286589462462,-15.0011354908217,-15.283323043549,-16.2018347426373,-15.5884825567634,-15.6022676675226,-16.4165074521714,-13.6058442747965,-14.2598562663003,-14.9196476018517,-17.4008010397312,-18.1506148005214,-14.3966189450387,-14.9778506885288,-15.5643346665929,-16.1561423941803,-14.5072505331423,-15.0291258123532,-15.5558037556525,-16.0873509657519,-15.0012066231785,-15.4898430408022,-15.983060551989,-16.4809238835705,-16.9834989875265
-14.3884873977518,-14.3999587696279,-14.3372247450637,-14.3717501747652,-14.3655378955868,-14.364090677263,-14.2676094570031,-14.496251783915,-14.4768434492705,-14.3498423049962,-14.1693057726215,-14.429497746645,-14.2975266688611,-14.0814375362557,-14.1735761690291,-14.5158733005947,-14.0796563196965,-14.0736787430744,-13.7685289025484,-14.5474330403786,-14.8420376807584,-13.5716558626039,-14.2694725642534,-14.490004197079,-14.4325381396653,-14.4592398258727,-13.9607345749409,-14.1323242961047,-13.8746839302252,-15.1455023995262,-13.6311430166134,-14.2372681815435,-13.6202123920118,-14.5651405740797,-12.4340721194009,-13.930693550255,-13.0612318335418,-14.588544586646,-15.4653008285525,-13.8866890079598,-13.0952664647085,-13.7786726959923,-11.6094144985145,-12.1674611836755,-12.7304391909376,-16.2791370705925,-16.9806174772386,-12.1345385479151,-12.6244437835527,-13.1187759921582,-13.6175954518368,-12.426746425326,-12.8737788761398,-13.3249252345928,-13.7802425518132,-10.2123796312816,-10.5450289123556,-10.8807968669982,-11.21972755933,-11.5618658875161
-15.4470962979167,-15.429296806561,-15.4235838075486,-15.442235511537,-15.5079545197674,-15.4248100336457,-15.4182484379493,-15.4177686437128,-15.3670038634172,-15.3933482209816,-15.2498202698484,-15.6263516198998,-15.4152012634998,-15.3958892647109,-15.4594016313302,-15.5525431361497,-15.3873922630078,-15.0606852333552,-15.1749681066749,-15.4171438772497,-15.5009505872,-14.7371687531734,-15.3138658504604,-16.0711645376555,-15.3978638254403,-15.2932251198245,-15.3195770146784,-15.1118564527879,-15.861732534611,-16.2841608702425,-14.3841023493943,-14.7212455473531,-15.4372581862424,-16.6331985654288,-13.8570179031642,-15.3412666882922,-14.4598476048509,-15.6728044357222,-16.6147235583314,-15.2663099374018,-14.6016162241784,-15.3636347399001,-13.716834207188,-14.3761813139007,-15.0413549097696,-18.7293920778371,-19.536455837668,-12.7320089216898,-13.2460357061686,-13.7647074352494,-14.2880873549606,-13.5117597108469,-13.9978237900202,-14.4883609733829,-14.9834332933532,-11.8499872655844,-12.2359785709369,-12.6255886452156,-13.0188686184497,-13.4158705884563
-16.1034694548264,-16.1193132374696,-16.0945321255284,-16.1667347730422,-16.0910676237735,-16.0919309832629,-16.102408783033,-16.0401451935571,-15.985768417528,-15.9335736849812,-15.8521139759502,-16.2964162078978,-15.950197375729,-15.9622677667995,-15.9176735025017,-16.0659334037514,-15.7981907423896,-15.8725239978324,-15.7018014600502,-15.889015356943,-16.1557550325466,-15.2285524380653,-15.8896668443795,-16.5094032062916,-15.841349072047,-15.575427216184,-15.4686774815772,-15.321961100349,-15.8292051791538,-17.1882494408997,-15.2804361360127,-15.7034628240648,-16.15478124411,-17.1965253728997,-14.2716959486732,-15.4672710972728,-14.625017233594,-15.9689911121751,-16.9287107436568,-15.6416931883439,-14.8443417125373,-15.6190274093113,-14.1996532218518,-14.8822086954206,-15.5707957448084,-19.0545033529174,-19.8755764050382,-12.754090946375,-13.2690092439068,-13.7885805420968,-14.3128681966657,-13.4190064984784,-13.9017339282644,-14.3889037560407,-14.8805775883963,-11.3633473615764,-11.7334872767481,-12.1070973499383,-12.4842266114346,-12.8649250195685
-15.7197364392272,-15.7255445818284,-15.6929420606624,-15.7540327252821,-15.7688329131488,-15.6732292647918,-15.7755155532463,-15.7115190791505,-15.693560628742,-15.6155830213142,-15.3277682276593,-15.7553273301377,-15.5932497163401,-15.6279218565466,-15.7033457781025,-15.658944672472,-15.6199966544803,-15.4353502144819,-15.3632934497014,-15.4513418469297,-15.825054477552,-14.9446689274464,-15.7804998112301,-16.114305824413,-15.6467823976073,-15.6017288855302,-15.3534341862229,-15.1751907676194,-15.8325160301017,-16.0492421728542,-15.2119610637009,-15.0871458053209,-15.4347631985489,-16.7236659125025,-14.1917443822766,-15.7101788701154,-14.5695304497032,-15.9610212459908,-16.9202618968666,-15.466626156815,-14.6328984435076,-15.3965494929144,-13.917669917525,-14.5866708876974,-15.2615836558567,-17.9666223156282,-18.7408177458511,-13.2991488283331,-13.8360726359255,-14.3778482944661,-14.924541867241,-13.5325204171646,-14.0193313297494,-14.5106222194108,-15.0064552138796,-11.5648777950167,-11.9415821894007,-12.3218182855041,-12.7056359831727,-13.0930861267557
-16.7409042364974,-16.722499463903,-16.6569141272314,-16.6926129378911,-16.7522457722209,-16.7575978958144,-16.7913419366632,-16.7547954932812,-16.6457438908929,-16.7078335701604,-16.4749873113907,-17.0371755515314,-16.740014272322,-16.6640806984286,-16.5990232123712,-16.7436771020587,-16.8288601485559,-16.4667068099075,-16.1525802779757,-16.4910703509191,-16.8531727987741,-15.9960812817219,-16.6702214101247,-17.4554579437236,-16.6241898574337,-16.2377198888857,-16.2502670435624,-16.1763551494882,-16.7426038165938,-17.7747501255097,-16.3292501434016,-16.075970813195,-16.5667016038055,-18.156138138551,-14.9818411288044,-16.2602273089007,-15.0471103366249,-16.9190103287338,-17.9358251195784,-16.6930173880097,-15.7876049125226,-16.611516942365,-14.5772496903692,-15.2779556449645,-15.9848535667415,-20.436026222935,-21.3166301470209,-14.3623588936854,-14.94220746315,-15.5272957682938,-16.1176951538798,-14.9572824551538,-15.4953469174506,-16.0383630281072,-16.5863994559294,-13.25314117232,-13.6848376076387,-14.1205813093699,-14.5604294618363,-15.0044403317439
-14.750466286918,-14.7163799746523,-14.7048326340547,-14.7583542379071,-14.7437319012397,-14.6677566012722,-14.7265188403527,-14.5997267722211,-14.6435917155003,-14.6411972696176,-14.3927960499087,-14.6773549517361,-14.6520006699148,-14.1308327400777,-15.0198094805734,-14.6013563135864,-14.4325238123194,-14.9241538445693,-14.5209845029196,-14.3498349517934,-14.3520450430209,-14.1287185756313,-14.2987256381227,-14.4404206564654,-14.0738431499424,-13.4218739522687,-13.7622711437191,-13.605971559807,-14.7439734010245,-15.1141721797189,-14.3109417590391,-13.9098321890893,-14.0837687370545,-14.1921006892997,-13.0522054837398,-13.4595511115417,-13.3848889044312,-14.4877068180919,-15.358402815779,-15.1666549722563,-13.9475961330598,-14.6754831244739,-13.6823246377714,-14.3400129226011,-15.0035130379835,-16.2240086161017,-16.9231134956848,-14.171247132312,-14.7433799858374,-15.320682852852,-15.9032261287746,-13.0363724951192,-13.5053352748165,-13.9786137804939,-14.4562678620696,-13.2904138797531,-13.7233244042242,-14.1602935775097,-14.6013787447553,-15.0466383365347
-17.0583657869685,-17.033448485513,-17.0426858742202,-17.077756885638,-17.0455515088655,-17.1361824995876,-17.0958512621668,-17.0794197775258,-17.0070053811163,-16.9416725725662,-16.8965354975197,-17.1428980176961,-17.0046752322496,-16.989454818631,-16.9209806402192,-17.1452438124778,-17.0481248849462,-16.8375751738451,-16.6202460931872,-17.0822770668773,-17.1231186167132,-16.5225461902844,-16.7307723119581,-17.7493770901817,-16.861241538511,-16.6080269354998,-16.4693708027848,-16.8656846884667,-17.3880719919722,-18.0110621108499,-16.3060806635173,-16.1029759263195,-16.8700709142017,-18.398276668557,-15.3956732405541,-16.2026689075074,-15.7790814441825,-16.9375052999333,-17.9554316191656,-16.2652023237815,-16.0936898305797,-16.9335755972579,-14.700008236302,-15.4066150052443,-16.1194658854218,-20.2256878990796,-21.0972281846992,-14.8050264808412,-15.4027467779976,-16.0058683066688,-16.6144646105612,-14.6876210433925,-15.2159848650176,-15.749211062871,-16.2873670677443,-13.5667727497752,-14.0086851506699,-14.4547405953127,-14.904997621276,-15.3595158741297
-16.5722270785862,-16.5721333117499,-16.5543469848868,-16.5691135494996,-16.5252486140405,-16.5515946881073,-16.5102828155311,-16.5356721110253,-16.446595479283,-16.4292523818936,-16.4415687516989,-16.5882047801046,-16.5446251086523,-16.3799050300745,-16.4990694918744,-16.830618641706,-16.2747194731791,-16.4261752069313,-16.2341692467523,-16.332594278764,-16.3685426510899,-16.0937825720528,-16.2024674082217,-16.5866129432326,-16.7653620182909,-16.459569520773,-15.7080066080257,-16.1483957463979,-16.2530043618533,-16.4516568405183,-15.5512636656233,-15.5503528285828,-15.5293403953683,-15.5269306688217,-16.1645863605854,-16.2670252941415,-16.4139237675852,-15.0994735294657,-16.0069360654187,-16.4537826715696,-15.8298058827183,-16.6559202660657,-14.5847252961299,-15.2857905915873,-15.9930510296337,-16.2546822091383,-16.9551088371915,-14.933798141324,-15.5367173103142,-16.1450846898334,-16.7589744632591,-13.1153329158882,-13.5871361712181,-14.0632812925866,-14.5438284924188,-14.2776678994405,-14.7427363882395,-15.2121650151363,-15.6860153850557,-16.1643502689792
-16.4442791958657,-16.4540158113999,-16.4198578292217,-16.455082078957,-16.4525891551286,-16.4286525019024,-16.3953467082123,-16.4679821294865,-16.4223682345366,-16.3498844104493,-16.407178462982,-16.4292728653013,-16.3082693146733,-16.2059541144873,-16.1325037704947,-16.4976155375892,-16.4579993320553,-16.3594763795741,-15.8897922675501,-16.1902018698799,-16.4342285430832,-15.8015118095107,-16.0157625832073,-16.4073459192022,-16.2787680924352,-16.1074651463156,-16.0600994873645,-16.3387161863631,-16.3536647917879,-16.5415366877117,-15.3751972836999,-15.6107131565107,-15.8832171300327,-15.7980543485939,-15.7690629347804,-15.7316330959687,-16.1016273237373,-14.677650934228,-15.5597623742471,-15.8615479252503,-15.042641213952,-15.8276756207192,-14.3685850555882,-15.0592608223765,-15.7560399220294,-15.5409292666462,-16.2105997371602,-14.0755240798311,-14.6437923261944,-15.2171956639636,-15.7958040130549,-12.8827126805806,-13.3461477926863,-13.8138477612795,-14.2858717308271,-13.5402734858538,-13.9813227224899,-14.4265069104847,-14.875884473072,-15.3295149393193
-16.3099340896544,-16.3230875662363,-16.282286052895,-16.3212181101066,-16.2936013800645,-16.3147289364759,-16.2871793947008,-16.3557758661754,-16.2535622234539,-16.2477440099668,-16.2646762415377,-16.2469623687924,-16.202180163548,-16.1166823777917,-16.1008613418507,-16.3859570116936,-16.283873631697,-16.3367058748641,-15.8036688830406,-15.8430490416794,-16.3365240791435,-15.6521779706048,-16.0238937743159,-16.31964782429,-16.2378170821244,-15.8980666208353,-15.7083135641851,-15.983262208862,-15.9148001225408,-16.4235688216991,-15.319478749393,-15.7388515188821,-15.8056184456283,-15.7375675571938,-15.7018297079819,-15.5563674466355,-15.7037539976977,-14.5078760664143,-15.3797842147897,-15.8557400585985,-15.0346548942579,-15.819272516788,-14.2703923096881,-14.9563481023241,-15.6483655185672,-15.470055156578,-16.1366716077459,-13.9971242285836,-14.5622272538346,-15.1324367683308,-15.7078223025385,-12.86518671662,-13.327991360029,-13.7950550579083,-14.2664368742632,-13.5518847912501,-13.9933122445734,-14.4388781951352,-14.8886411162696,-15.3426605880924
-16.3057489699796,-16.3064176421743,-16.2656378259725,-16.3221372972025,-16.2843235446335,-16.2901627321997,-16.2703370600192,-16.346734171825,-16.232446379413,-16.2384092315078,-16.2103377955937,-16.251857121967,-16.1927057949244,-16.1090182112113,-16.0901124317078,-16.4040927592881,-16.2754319186093,-16.26330912913,-15.7972501273249,-15.8355178149719,-16.3303060186623,-15.640089664481,-16.0140619114799,-16.3082712215692,-16.2280064444924,-15.8906700159572,-15.6995449120653,-15.9732221699118,-15.9067521844619,-16.41227809659,-15.3120358423472,-15.7307070861708,-15.791853837235,-15.7272827333246,-15.6879555552372,-15.5494336979261,-15.6987440418945,-14.5050615550495,-15.3768005542413,-15.851146270894,-15.0283018777284,-15.8125879536576,-14.2528132913794,-14.9379240876638,-15.6290890405292,-15.4637393684609,-16.1300836675118,-13.9819627496314,-14.5464536636027,-15.1160455355452,-15.6908078206109,-12.8513510788637,-13.3136580071957,-13.780219409673,-14.2510942867817,-13.5305615800546,-13.9712944694143,-14.4161593442946,-14.8652145860248,-15.3185196809744
-16.3327928142857,-16.337848498122,-16.2987290914941,-16.3487728425474,-16.3469024839088,-16.3222658768005,-16.2914747256709,-16.3734211377142,-16.2909856349624,-16.2857508402112,-16.3022648935519,-16.2834492569208,-16.2118989056,-16.1084552539425,-16.1379956801975,-16.4253476267231,-16.2696346593953,-16.3540176355899,-15.8414459470866,-15.8797810186566,-16.3059642766676,-15.6873618965188,-16.0604224377941,-16.3567693518066,-16.2717509601161,-15.9379310826218,-15.7456473604099,-16.0213247739484,-15.9525019341096,-16.4612937774978,-15.3537763368475,-15.7803779222379,-15.8420520353537,-15.7731052132526,-15.7311100068264,-15.597748194924,-15.7490640025136,-14.5440562849656,-15.4181388265617,-15.8938665652619,-15.0722737715623,-15.85885462067,-14.3051862531536,-14.9928145370954,-15.6865192240411,-15.506127663796,-16.1742985067552,-14.0307720286638,-14.5972335096453,-15.1688137554027,-15.7455824635473,-12.893657453501,-13.3574862864162,-13.8255835991152,-14.2980085863124,-13.573597725574,-14.0157324373673,-14.4620122771312,-14.9124958118864,-15.3672427172084
-15.4421148973572,-15.4409323099497,-15.419343007371,-15.4176882326492,-15.4330324167574,-15.4248376653938,-15.3772189218516,-15.4381525542244,-15.3778050450341,-15.3923486851838,-15.3743902722904,-15.356469924188,-15.3118828753797,-15.172969872302,-15.161610317575,-15.542545637982,-15.2685850081512,-15.3890380395994,-14.9461819799584,-14.927974832195,-15.342004108606,-14.8254673951463,-14.9732280807386,-15.0973377828133,-15.1156293053403,-15.0022826704789,-14.6183864530312,-14.9150617777663,-15.0151709940086,-15.4517819133956,-14.3565416258487,-14.5628436524676,-14.5118851992386,-14.3831758606944,-14.3099596234293,-14.6530321168427,-14.6157091322527,-13.5550542297593,-14.3696987842409,-14.7601200053482,-13.8597357538641,-14.583037551782,-12.8772136308724,-13.4962014688669,-14.1206591510287,-13.9560006671414,-14.5573753579919,-13.0491586343312,-13.5759896391016,-14.107581292355,-14.6439984155555,-11.1360195697559,-11.5366201735014,-11.9409073863086,-12.3489323335854,-11.5183818986883,-11.893571775688,-12.2722791554126,-12.6545537370885,-13.0404461606481
-14.4948465995145,-14.5107388655874,-14.479374999477,-14.4781284028687,-14.489553414607,-14.4581705409598,-14.4290937629008,-14.4769199136445,-14.4577351828429,-14.4440176067779,-14.3854817902155,-14.4943266312055,-14.4080204758242,-14.1071132605246,-14.2807133316636,-14.7085332259867,-14.313938341527,-14.4413525913331,-14.1157464544159,-14.2613420878493,-14.5942778516915,-14.0777242699957,-14.4963967584884,-14.2424751724593,-14.3810839672491,-14.4474728039931,-14.1366013112337,-14.2535893797817,-14.3953571503476,-14.9467104258025,-13.9188295402407,-13.8603789607638,-14.4481354649895,-14.1239746718762,-14.2086180287666,-14.0852721275155,-13.5913130719343,-13.5610710551782,-14.3760772145622,-14.6962357294777,-13.5780704031038,-14.2866728547835,-13.087597411705,-13.7166980742111,-14.3513579454418,-14.7451706402525,-15.3805512658924,-13.1944631404312,-13.7271604942201,-14.264671507088,-14.8070617222964,-11.7109251484482,-12.1322070665968,-12.5573659178364,-12.9864554669636,-12.9391727860306,-13.3606422848516,-13.7860631698943,-14.2154912707785,-14.6489834738654
-15.2648287120797,-15.2680615829143,-15.2435894271161,-15.281636541038,-15.2547907979252,-15.2133258035692,-15.2218858695061,-15.2243836164063,-15.2079117908226,-15.219517732532,-15.2199751240688,-15.1887278463568,-15.1366077537303,-14.9780465912892,-15.0686999219994,-15.5321546781719,-15.1254495204724,-15.3081634035988,-15.0909033350479,-14.8534949854111,-15.1763143307382,-14.6376862063212,-15.1437036282279,-15.1222913195995,-15.332735917072,-15.1545789265611,-14.951577010179,-14.7842436477143,-15.1084777171423,-15.357964760896,-14.4050459969375,-14.4160089544782,-14.9748533069904,-14.5698148742962,-14.7945220425066,-14.7263147558324,-14.0205669329777,-13.9058374943145,-14.7415637554,-15.0910528754865,-14.0452841873625,-14.7782692518256,-13.4123758711609,-14.057088134298,-14.7074975620571,-14.8075983508125,-15.445669034015,-13.4720469800794,-14.0159511692857,-14.5647702868651,-15.1185712549721,-12.0699468001324,-12.5041439515491,-12.942336891135,-13.3845810319528,-13.3835065472024,-13.8194493922509,-14.2594793149082,-14.7036540619941,-15.1520324733589
-15.2640478874814,-15.2591707018454,-15.2505458926564,-15.2631103887412,-15.2562054396721,-15.25738450445,-15.2064851616977,-15.1950453572797,-15.2316716518863,-15.1928051554527,-15.1811532532028,-15.323982059718,-15.1967653942406,-14.8588467693742,-15.0728169333164,-15.5880375847362,-15.0486570429237,-15.1800289392868,-14.9452488972988,-14.8738242582916,-15.0484977959232,-14.8940069178584,-15.1634117436341,-15.1962147996771,-15.0426012051273,-15.4450032874507,-15.005627385038,-14.7933658077171,-15.1959534395244,-15.3926299701043,-14.453713946694,-14.4861938242373,-14.9510325331443,-14.6063729993498,-14.6672096040948,-15.2449417182179,-14.0507631183744,-13.9588074672458,-14.7977171681958,-15.0454842654946,-14.0600282364535,-14.793782752615,-13.4449542566549,-14.0912325126365,-14.743221771536,-14.8882082363632,-15.5297524608874,-14.4600413596461,-15.0438336432713,-15.6329012995003,-16.2273161583322,-12.0710809885358,-12.5053189405777,-12.9435530562647,-13.3858387538668,-13.3790258239845,-13.8148227178041,-14.2547053209018,-14.698731360764,-15.1469596575417
-15.2893473572832,-15.2983808173273,-15.2653802537788,-15.2841653780862,-15.2768211632175,-15.2795129090104,-15.1980296212671,-15.2396314300245,-15.2282032213376,-15.2638211552697,-15.116291701749,-15.2137017163704,-15.2410458178392,-14.9143711217641,-15.0265591465246,-15.5093207068855,-15.1376128177341,-15.2825389608367,-14.8988932594078,-14.9601219636614,-15.3906548007469,-14.8479039001608,-15.1163089245528,-15.1448143084154,-15.2364697915491,-15.4037296640879,-14.9542273450672,-14.7426562578203,-15.1470691697141,-15.3367613762389,-14.7333568330014,-14.4413962497534,-14.9182934920937,-14.5514814439057,-14.6285303830193,-15.2119973134157,-13.9983757323575,-13.9015130421474,-14.7369794081894,-15.0097887234814,-14.0229505384247,-14.7547700706787,-13.3988530312209,-14.0429152722572,-14.6926689338291,-14.8237842506255,-15.4625523965703,-14.4335818092715,-15.0163058468971,-15.6042956040429,-16.1976227792708,-12.0089604195868,-12.4409636828989,-12.8769425446758,-13.3169521379921,-13.3783019506706,-13.8140752656627,-14.2539340688753,-14.6979360846713,-15.1461401300195
-15.2836526845339,-15.2822566751315,-15.254065142679,-15.2686393383862,-15.238599637648,-15.2535093962282,-15.2055548588918,-15.2480013326746,-15.2440470177942,-15.1514054769818,-15.1231455980285,-15.2208901619257,-15.1563004679936,-14.9217994226343,-15.0330978199777,-15.5156601102714,-15.146254175722,-15.1387980603133,-14.9061845542705,-14.9678452562311,-15.3971912439564,-14.8547829401614,-15.1237618884874,-15.1523986042702,-15.0064820310617,-15.4098609238596,-14.9630974584706,-14.7488187612086,-15.1540447116121,-15.3452917126952,-14.7407454945211,-14.4463622146558,-14.9235851223136,-14.560988048844,-14.6325009011463,-15.2153272702359,-14.0051731700322,-13.9120046322276,-14.748101531839,-15.013492089918,-14.029504994571,-14.7616665860099,-13.4076141671326,-14.0520975424865,-14.7022760598371,-14.8338601295996,-15.4730624528383,-14.4359414911862,-15.0187607957657,-15.6068466807345,-16.2002708563759,-12.0163783117936,-12.4486484219874,-12.884896586359,-13.3251779720386,-13.3829470282027,-13.8188716479599,-14.2588831744591,-14.7030393521059,-15.1513990182906
-15.362623040485,-15.3830122723109,-15.3077162840133,-15.341228035147,-15.365393718843,-15.335874622588,-15.2846803141818,-15.3168953956386,-15.3264090322713,-15.2797389820836,-15.2647257904261,-15.3740766603426,-15.2474427520191,-15.0316309069117,-15.2740771700799,-15.5076532585693,-15.2466117494184,-15.2692387491267,-14.9689221124854,-15.2675085566788,-15.2284011477625,-14.8570796060703,-15.1368683559068,-15.3104778747405,-15.3058957286294,-15.0542856326932,-15.1985882870084,-15.1167949460721,-14.8963857761393,-16.1293474781263,-15.224696353828,-14.4617251806562,-15.2740260652874,-15.2360328109939,-15.1642161714431,-14.3080706552566,-15.3559095129609,-14.4946447295028,-15.3657576883954,-13.7946175918594,-14.6527477696439,-15.4174347012303,-14.2114580316824,-14.8945809442892,-15.583740447035,-15.3239810667891,-15.984303074249,-14.2689641702023,-14.8450421336538,-15.4263257601318,-16.0128859304629,-13.1558638331332,-13.6291251237887,-14.1067416983512,-14.5887739553233,-13.3893599880112,-13.8254934980121,-14.2657158731554,-14.7100848855171,-15.1586594006819
-16.3742169005723,-16.3799537098157,-16.3234593121558,-16.3666299063305,-16.3645449894973,-16.3754453063071,-16.3370524660462,-16.3535863558938,-16.3854083372691,-16.2230693965197,-16.353385810541,-16.2716621980585,-16.367776003902,-16.0860387699044,-16.1156921333111,-16.4879785520656,-16.26287387429,-16.2192789924159,-15.8793123726186,-16.0339446379894,-16.4329332288735,-15.8157976214021,-16.2596065647668,-16.264233622336,-16.3451780377795,-16.1935532792887,-16.0181097944581,-15.9125069256469,-15.9586395495596,-16.2643081942208,-15.3003055877532,-15.8189530686012,-15.9618663455181,-15.5182368974507,-15.4098871986352,-16.2842933184677,-15.5442899724817,-14.8637009582892,-15.7569938097873,-16.3444279013028,-15.0866412832543,-15.8739719336008,-14.874410641643,-15.5894006657613,-16.3107088818908,-15.3530016755254,-16.0145742031038,-14.3320347766559,-14.9106590767641,-15.4945120495805,-16.0836648892338,-13.7166292405408,-14.2100631754126,-14.7080380370794,-15.2106167985146,-13.8433808191572,-14.2943032136813,-14.7494531229883,-15.2088902781521,-15.6726755408349
